Tick,WorldNbTransactions,WorldStatesMoney,WorldAgentsMoney,WorldGdp
100,29890,5025.968,994974.2,1849563.0
200,56286,4438.3457,995558.4,3234133.5
300,80842,4197.794,995803.7,4421690.5
400,104435,4129.582,995872.25,5527612.0
500,127248,4029.7812,995972.94,6547570.0
600,149649,3966.2798,996035.2,7524803.5
700,171624,3938.486,996066.0,8467310.0
800,193293,3912.8914,996090.2,9381269.0
900,214924,3904.6514,996103.8,1.0286152E7
1000,236081,3891.955,996122.44,1.1164302E7
